{"loss": 0.0002847746363840997, "weight_norm": 2.0955357551574707, "bias_norm": 0.4206121563911438, "grad_norm": 0.0022781970910727978, "total_reward": 1.0, "epsilon": 0.13918099739496415, "episode_length": 6, "success_rate": 0.28, "_timestamp": 1703542769.047095, "_runtime": 22.139312982559204, "_step": 10, "_wandb": {"runtime": 20}}