{"loss": 0.03369060158729553, "weight_norm": 4.434813022613525, "bias_norm": 1.6134653091430664, "grad_norm": 0.26952478289604187, "total_reward": 0.0, "epsilon": 0.2792717889557507, "episode_length": 8, "success_rate": 0.3933333333333333, "_timestamp": 1703542673.996186, "_runtime": 20.876652002334595, "_step": 10, "_wandb": {"runtime": 19}}